,City,Cloudiness,Country,Date,Humidity,Lat,Lng,Max Temp,Wind Speed
0,Shintomi,75,JP,1571780795,88,32.08,32.08,64.4,4.18
1,Buin,87,CL,1571780796,14,-33.73,-33.73,80.6,14.0
2,Bluff,0,AU,1571780798,68,-23.58,-23.58,65.84,9.38
3,Saldanha,100,PT,1571780800,70,41.42,41.42,50.23,1.72
4,Mar del Plata,0,AR,1571780802,42,-46.43,-46.43,54.05,8.27
5,Butaritari,35,KI,1571780804,74,3.07,3.07,83.79,10.69
6,Rincon,75,PA,1571780806,94,8.46,8.46,78.8,5.79
7,Miri,59,NG,1571780807,58,10.31,10.31,78.57,2.8
8,Salinopolis,48,BR,1571780809,81,-0.61,-0.61,80.83,10.91
9,Rikitea,100,PF,1571780811,89,-23.12,-23.12,67.87,16.85
10,Churapcha,100,RU,1571780813,90,62.0,62.0,19.2,4.2
11,Birjand,8,IR,1571780814,33,32.86,32.86,46.4,4.99
12,Constitucion,40,MX,1571780816,47,23.99,23.99,80.6,5.79
13,Tuktoyaktuk,75,CA,1571780818,85,69.44,69.44,24.8,9.17
14,Arcachon,75,FR,1571780819,93,44.65,44.65,55.4,13.2
15,Mataura,95,NZ,1571780821,65,-46.19,-46.19,48.99,10.07
16,Porto Novo,40,BR,1571780823,68,-23.68,-23.68,71.6,9.17
17,Leningradskiy,99,RU,1571780825,84,69.38,69.38,22.75,11.8
18,Ancud,20,CL,1571780827,58,-41.87,-41.87,55.4,4.99
19,Collie,19,AU,1571780828,75,-33.36,-33.36,55.0,2.49
20,Ilulissat,75,GL,1571780831,44,69.22,69.22,21.2,4.18
21,Cape Town,40,ZA,1571780196,72,-33.93,-33.93,60.01,7.4
22,Bhainsa,38,IN,1571780834,33,26.95,26.95,75.2,2.41
23,Wanning,90,AT,1571780836,100,48.64,48.64,55.0,0.8
24,Port Alfred,100,ZA,1571780837,78,-33.59,-33.59,57.99,17.2
25,Atuona,19,PF,1571780839,74,-9.8,-9.8,78.89,9.48
26,Bredasdorp,71,ZA,1571780841,76,-34.53,-34.53,57.99,3.38
27,Linhares,100,BR,1571780843,90,-19.38,-19.38,75.65,5.38
28,Felanitx,75,ES,1571780845,93,39.47,39.47,66.2,13.2
29,Busselton,13,AU,1571780846,75,-33.64,-33.64,55.0,8.69
30,Chase,40,US,1571780848,22,38.35,38.35,66.2,14.97
31,Yellowknife,90,CA,1571780850,93,62.45,62.45,35.6,1.61
32,Soyo,42,AO,1571780852,89,-6.13,-6.13,77.9,4.09
33,Tevaitoa,0,PF,1571780853,72,-16.78,-16.78,79.68,3.07
34,Lorengau,100,PG,1571780855,72,-2.02,-2.02,84.92,7.56
35,Sekoma,46,BW,1571780857,12,-24.51,-24.51,79.7,7.93
36,Cabo San Lucas,5,MX,1571780629,69,22.89,22.89,86.0,9.17
37,Jamestown,0,AU,1571780860,29,-33.21,-33.21,64.17,5.21
38,Auki,15,NG,1571780862,41,12.18,12.18,82.27,4.83
39,Kapaa,40,US,1571780864,74,22.08,22.08,84.2,10.78
40,Sawakin,0,SD,1571780865,69,19.1,19.1,86.65,4.31
41,Kaeo,19,NZ,1571780867,91,-35.1,-35.1,60.01,18.89
42,Hermanus,100,ZA,1571780869,81,-34.42,-34.42,59.0,0.72
43,Nizhniy Baskunchak,25,RU,1571780871,60,48.22,48.22,52.54,5.41
44,Bahia Blanca,99,AR,1571780809,59,-38.72,-38.72,55.78,12.55
45,Wageningen,90,NL,1571780874,100,51.98,51.98,54.0,1.61
46,Lazaro Cardenas,5,MX,1571780876,23,28.39,28.39,75.2,6.6
47,Bubaque,18,GW,1571780878,80,11.28,11.28,82.63,10.54
48,Pombal,11,BR,1571780880,22,-6.77,-6.77,89.85,5.04
49,Iqaluit,75,CA,1571780881,86,63.75,63.75,30.2,1.61
50,Severo-Kurilsk,96,RU,1571780883,95,50.68,50.68,37.94,5.87
51,Punta Arenas,75,CL,1571780885,46,-53.16,-53.16,53.6,16.58
52,Ponta do Sol,47,BR,1571780887,69,-20.63,-20.63,73.98,4.12
53,Fairbanks,90,US,1571780631,68,64.84,64.84,30.99,1.21
54,Amahai,33,ID,1571780890,82,-3.31,-3.31,79.61,7.81
55,Vaini,100,IN,1571780892,96,15.34,15.34,68.22,1.42
56,Georgetown,40,GY,1571780692,79,6.8,6.8,84.2,6.6
57,Nagato,75,JP,1571780895,77,34.35,34.35,66.2,4.18
58,Sergeyevka,100,KZ,1571780897,93,53.88,53.88,35.06,10.3
59,Upernavik,100,GL,1571780899,50,72.79,72.79,20.34,5.2
60,Chuy,41,UY,1571780901,82,-33.69,-33.69,62.53,4.72
61,Avarua,35,CK,1571780703,78,-21.21,-21.21,78.8,4.18
62,Grand Gaube,75,MU,1571780904,88,-20.01,-20.01,72.0,2.41
63,Chokurdakh,100,RU,1571780906,92,70.62,70.62,5.68,5.07
64,Kruisfontein,100,ZA,1571780908,73,-34.0,-34.0,52.2,5.62
65,Graham,1,US,1571780910,18,33.11,33.11,73.99,4.52
66,Murree,99,PK,1571780911,74,33.91,33.91,64.0,0.72
67,Saskylakh,0,RU,1571780913,92,71.97,71.97,5.68,5.21
68,Newport,23,GB,1571780812,93,51.59,51.59,51.01,2.41
69,Carnarvon,100,ZA,1571780916,21,-30.97,-30.97,61.3,14.11
70,East London,100,ZA,1571780918,72,-33.02,-33.02,60.3,13.39
71,Mahebourg,75,MU,1571780920,88,-20.41,-20.41,72.0,2.41
72,Praya,40,ID,1571780922,94,-8.71,-8.71,73.4,1.61
73,Mezhdurechenskiy,1,RU,1571780923,85,59.59,59.59,29.28,7.29
74,New Norfolk,100,AU,1571780925,41,-42.78,-42.78,61.0,7.4
75,Honiara,40,SB,1571780927,74,-9.43,-9.43,84.2,3.38
76,Mecca,0,SA,1571780929,60,21.43,21.43,81.27,2.66
77,Mulege,0,MX,1571780930,35,26.88,26.88,84.45,12.36
78,Hobart,100,AU,1571780933,41,-42.88,-42.88,61.0,7.4
79,Los Llanos de Aridane,75,ES,1571780934,60,28.66,28.66,68.0,4.99
80,Murgab,0,TM,1571780936,58,37.5,37.5,53.6,2.69
81,Vao,100,EE,1571780938,81,59.1,59.1,50.5,9.53
82,Amapa,75,HN,1571780940,62,15.09,15.09,87.8,8.21
83,Qaanaaq,100,GL,1571780942,45,77.48,77.48,11.26,7.07
84,Khatanga,88,RU,1571780943,87,71.98,71.98,11.71,6.0
85,Gumdag,100,TM,1571780945,45,39.2,39.2,63.45,4.26
86,Port Lincoln,0,AU,1571780947,43,-34.72,-34.72,63.57,5.21
87,Pisco,90,PE,1571780837,30,-13.71,-13.71,71.6,4.18
88,Albany,90,US,1571780950,87,42.65,42.65,59.0,4.18
89,Nouakchott,30,MR,1571780952,78,18.08,18.08,75.2,14.0
90,Saint-Augustin,90,CA,1571780673,66,45.63,45.63,59.0,6.6
91,La Paz,5,MX,1571780307,48,24.15,24.15,84.2,5.79
92,Hambantota,75,LK,1571780958,100,6.12,6.12,77.0,2.41
93,De-Kastri,0,RU,1571780959,67,51.48,51.48,39.13,9.08
94,Hithadhoo,100,MV,1571780961,80,-0.6,-0.6,81.03,9.91
95,Urusha,100,RU,1571780963,89,54.05,54.05,22.26,1.45
96,Houma,96,CN,1571780965,86,35.63,35.63,53.64,1.37
97,Hilo,75,US,1571780967,52,19.71,19.71,87.8,4.99
98,Saint-Georges,100,CA,1571780968,59,46.12,46.12,55.0,3.6
99,Port Arthur,1,US,1571780970,31,29.9,29.9,78.8,5.79
100,Gushikawa,20,JP,1571780972,78,26.35,26.35,77.0,6.6
101,Rumphi,36,MW,1571780974,58,-11.02,-11.02,71.74,4.47
102,Saint Anthony,20,US,1571780943,53,43.97,43.97,55.0,12.39
103,Ushuaia,75,AR,1571780956,85,-54.81,-54.81,57.2,7.4
104,Lebu,0,ET,1571780979,79,8.96,8.96,49.73,2.12
105,Pevek,100,RU,1571780981,88,69.7,69.7,20.52,6.29
106,Kattivakkam,40,IN,1571780982,100,13.22,13.22,78.01,4.18
107,Inongo,86,CD,1571780984,80,-1.93,-1.93,74.57,2.37
108,Nikolskoye,75,RU,1571780986,71,59.7,59.7,51.8,8.05
109,Brawley,20,US,1571780988,6,32.98,32.98,93.99,5.89
110,Santiago de Chuco,96,PE,1571780989,71,-8.15,-8.15,51.71,5.79
111,Provideniya,75,RU,1571780991,74,64.42,64.42,33.8,11.27
112,Andros Town,20,BS,1571780993,66,24.73,24.73,86.0,7.4
113,Vengerovo,100,RU,1571780995,69,55.68,55.68,32.04,11.89
114,Longyearbyen,75,NO,1571780997,52,78.22,78.22,17.6,7.4
115,Quang Ngai,99,VN,1571780949,84,15.12,15.12,75.67,3.36
116,Tasiilaq,0,GL,1571781000,63,65.61,65.61,28.4,5.79
117,Bridlington,58,GB,1571781002,81,54.08,54.08,50.0,4.99
118,Waipawa,86,NZ,1571781004,93,-39.94,-39.94,44.01,6.47
119,Rockland,90,CA,1571781006,100,45.55,45.55,54.0,2.41
120,Kiruna,56,SE,1571781007,92,67.86,67.86,28.4,1.61
121,Rocha,100,UY,1571781009,75,-34.48,-34.48,58.15,3.94
122,Srednekolymsk,94,RU,1571781011,84,67.46,67.46,4.51,2.04
123,Tiksi,0,RU,1571781013,89,71.64,71.64,1.09,6.57
124,Ust-Ishim,90,RU,1571781014,94,57.69,57.69,35.64,5.75
125,Egvekinot,100,RU,1571781016,88,66.32,66.32,16.02,8.03
126,Broome,0,GB,1571781018,93,52.47,52.47,50.0,2.41
127,Ust-Maya,72,RU,1571781019,96,60.42,60.42,13.96,1.92
128,Altamira,75,BR,1571781021,74,-3.2,-3.2,80.6,2.41
129,Kahului,20,US,1571780973,43,20.89,20.89,89.6,14.97
130,Verkhnevilyuysk,100,RU,1571781025,84,63.45,63.45,20.32,3.77
131,Port Augusta,0,AU,1571781026,47,-32.49,-32.49,75.99,4.18
132,Manggar,100,ID,1571781028,74,-2.88,-2.88,82.8,12.05
133,Cockburn Town,64,TC,1571781030,76,21.46,21.46,82.99,9.22
134,Ixtapa,40,MX,1571781032,74,20.71,20.71,86.0,7.4
135,Tura,90,RU,1571781033,97,64.27,64.27,8.06,0.55
136,Vangaindrano,0,MG,1571781035,90,-23.35,-23.35,68.52,2.35
137,Ostrowiec Swietokrzyski,17,PL,1571781037,91,50.93,50.93,57.99,1.88
138,Khorinsk,21,RU,1571781039,91,52.16,52.16,17.35,3.46
139,Coihaique,0,CL,1571780799,38,-45.58,-45.58,59.0,5.79
140,Lac du Bonnet,100,CA,1571781042,100,50.25,50.25,36.0,11.12
141,Kristianstad,0,SE,1571781044,81,56.03,56.03,53.6,7.4
142,Cabedelo,20,BR,1571781046,78,-6.97,-6.97,78.8,4.18
143,Puerto Ayora,75,EC,1571781047,69,-0.74,-0.74,75.2,11.59
144,Oakdale,90,US,1571781049,80,44.96,44.96,46.0,12.39
145,Hami,77,CN,1571781051,29,42.84,42.84,32.23,9.82
146,Koslan,100,RU,1571781053,92,63.46,63.46,31.6,7.93
147,Rome,100,IT,1571781054,77,41.89,41.89,68.0,1.61
148,Owo,100,NG,1571781056,97,7.2,7.2,74.25,2.64
149,Husavik,100,CA,1571781058,92,50.56,50.56,36.0,8.63
150,Dikson,100,RU,1571781060,91,73.51,73.51,17.28,17.78
151,Salalah,29,OM,1571781063,54,17.01,17.01,80.6,3.38
152,Terney,0,RU,1571781065,51,45.05,45.05,42.98,4.67
153,Pangnirtung,90,CA,1571781067,79,66.15,66.15,26.6,2.82
154,Isangel,75,VU,1571781069,74,-19.55,-19.55,78.8,6.6
155,Zambezi,97,ZM,1571781071,47,-13.55,-13.55,75.09,5.76
156,Caravelas,97,BR,1571781072,83,-17.73,-17.73,75.76,10.86
157,Vila Franca do Campo,75,PT,1571781074,64,37.72,37.72,69.01,3.38
158,San Patricio,5,PY,1571781076,63,-26.98,-26.98,70.79,4.2
159,Atbasar,100,KZ,1571781078,45,51.81,51.81,33.12,10.01
160,Kaitangata,100,NZ,1571781079,66,-46.28,-46.28,46.99,9.35
161,Le Havre,90,FR,1571780909,100,49.49,49.49,50.0,4.18
162,Hasaki,20,JP,1571781083,93,35.73,35.73,55.4,2.41
163,Qaqortoq,100,GL,1571781085,74,60.72,60.72,35.6,1.61
164,Mackenzie,90,CA,1571781086,81,55.34,55.34,42.8,1.61
165,Mansa,100,IN,1571781088,83,23.43,23.43,75.2,2.41
166,Te Anau,15,NZ,1571781090,80,-45.41,-45.41,37.09,1.43
167,Barao de Melgaco,75,BR,1571781092,55,-16.19,-16.19,86.0,5.79
168,Muravlenko,100,RU,1571781094,98,63.79,63.79,34.81,10.83
169,Pathein,36,MM,1571781095,81,16.78,16.78,80.98,4.47
170,Khasan,0,RU,1571781097,93,42.43,42.43,46.76,1.82
171,Clyde River,75,CA,1571780988,74,70.47,70.47,35.6,6.6
172,Nanortalik,100,GL,1571781101,97,60.14,60.14,33.21,3.06
173,Boundiali,100,CI,1571781102,90,9.53,9.53,74.46,1.71
174,Port Elizabeth,90,US,1571781104,93,39.31,39.31,66.0,10.78
175,Jackson,90,US,1571780979,93,43.48,43.48,42.8,6.6
176,Esperance,0,AU,1571781108,93,-33.86,-33.86,48.2,4.18
177,Emba,20,CY,1571781110,63,34.81,34.81,66.2,4.99
178,Kavaratti,100,IN,1571781111,77,10.57,10.57,81.01,5.78
179,Storsteinnes,100,NO,1571781113,98,69.24,69.24,35.6,7.4
180,Atasu,7,KZ,1571781115,40,48.68,48.68,29.61,4.57
181,Pasaco,20,GT,1571781117,74,13.98,13.98,86.0,8.21
182,Kutum,31,SD,1571781119,48,14.2,14.2,78.42,6.5
183,Bathsheba,40,BB,1571781093,74,13.22,13.22,82.4,7.4
184,Ravar,0,IR,1571781122,41,31.27,31.27,53.56,0.47
185,Araouane,55,ML,1571781124,29,18.9,18.9,91.4,4.57
186,Manokwari,67,ID,1571781126,75,-0.87,-0.87,74.97,3.6
187,Haines Junction,23,CA,1571781127,94,60.75,60.75,23.58,4.68
188,Micheweni,0,TZ,1571780829,85,-4.97,-4.97,80.8,5.97
189,Tela,75,HN,1571781131,94,15.78,15.78,87.8,4.99
190,Awjilah,0,LY,1571781133,46,29.14,29.14,71.4,7.44
191,Byron Bay,40,AU,1571781003,64,-28.65,-28.65,73.0,4.18
192,Adalaj,100,IN,1571781136,83,23.16,23.16,75.2,2.41
193,Beringovskiy,78,RU,1571781138,90,63.05,63.05,25.07,18.38
194,Komsomolskiy,93,RU,1571781140,96,67.55,67.55,16.43,5.57
195,Nemuro,100,JP,1571781142,83,43.32,43.32,55.99,4.02
196,Texarkana,1,US,1571781068,26,33.44,33.44,70.0,7.4
197,Fare,7,PF,1571781145,71,-16.7,-16.7,80.11,3.35
198,Arraial do Cabo,75,BR,1571781147,78,-22.97,-22.97,73.4,4.99
199,Souillac,75,FR,1571781149,93,45.6,45.6,55.99,8.21
200,Saint-Philippe,90,CA,1571781151,62,45.36,45.36,60.01,9.17
201,Castro,20,CL,1571781152,58,-42.48,-42.48,55.4,4.99
202,Cidreira,38,BR,1571781154,77,-30.17,-30.17,64.6,8.95
203,Hofn,100,IS,1571781156,80,64.25,64.25,37.26,26.86
204,Narsaq,99,GL,1571781162,74,60.91,60.91,35.6,1.61
205,Cayenne,100,GF,1571781164,74,4.94,4.94,82.4,4.99
206,Ambilobe,15,MG,1571781166,77,-13.19,-13.19,77.94,7.9
207,Tucupita,0,VE,1571781168,59,9.06,9.06,86.43,3.85
208,Acapulco,75,MX,1571781170,70,16.86,16.86,86.0,4.99
209,Riberalta,75,BO,1571781171,74,-11.0,-11.0,86.0,3.38
210,Sisimiut,14,GL,1571781173,44,66.94,66.94,21.15,4.73
211,Racine,90,US,1571781175,75,42.73,42.73,50.0,13.2
212,Redwater,90,CA,1571781177,75,53.95,53.95,44.01,6.6
213,Nome,1,US,1571781178,27,30.04,30.04,79.0,5.79
214,Dudinka,75,RU,1571781180,78,69.41,69.41,17.6,24.14
215,Bambous Virieux,75,MU,1571781182,88,-20.34,-20.34,72.0,2.41
216,Kihei,20,US,1571781184,43,20.76,20.76,89.6,14.97
217,Sibolga,100,ID,1571781186,97,1.74,1.74,71.46,1.35
218,Mehamn,75,NO,1571781188,80,71.03,71.03,35.6,14.0
219,San Cristobal,67,HN,1571781190,73,14.68,14.68,77.45,3.72
220,Iralaya,64,HN,1571781192,72,15.0,15.0,84.22,10.38
221,Palaia Fokaia,0,GR,1571781194,60,37.72,37.72,71.01,19.79
222,Arlit,0,NE,1571781195,15,18.74,18.74,91.62,10.19
223,Lompoc,1,US,1571781197,30,34.64,34.64,96.8,6.6
224,Harmanli,5,BG,1571781199,93,41.93,41.93,53.6,3.38
225,Suhbaatar,0,MN,1571781201,67,50.23,50.23,20.57,0.95
226,Tuatapere,44,NZ,1571781202,62,-46.13,-46.13,50.0,9.35
227,Barrow,100,AR,1571781204,85,-38.31,-38.31,50.32,10.11
228,Broken Hill,18,AU,1571781206,21,-31.97,-31.97,71.6,6.6
229,Severodvinsk,90,RU,1571781208,100,64.56,64.56,39.2,8.05
230,Mumford,95,GH,1571781209,93,5.26,5.26,75.25,2.69
231,Katsuura,75,JP,1571781211,93,33.93,33.93,59.0,6.6
232,Saint George,0,GR,1571781213,76,39.45,39.45,59.0,1.42
233,Vila Velha,13,BR,1571781215,74,-3.71,-3.71,80.6,7.4
234,Tiarei,20,PF,1571781216,62,-17.53,-17.53,86.0,4.18
235,Grindavik,98,IS,1571781218,63,63.84,63.84,32.0,18.99
236,Puerto Maldonado,90,PE,1571781220,100,-12.59,-12.59,33.8,3.38
237,Port Macquarie,10,AU,1571781222,93,-31.43,-31.43,66.99,4.18
238,Hauterive,40,CA,1571781224,87,49.18,49.18,46.0,14.97
239,Hoa Binh,75,VN,1571781225,88,20.81,20.81,78.8,5.79
240,Jiwani,0,PK,1571781227,77,25.05,25.05,82.67,2.29
241,Thompson,75,CA,1571781229,51,55.74,55.74,37.4,10.78
242,Chelyabinsk,75,RU,1571781231,80,55.16,55.16,39.2,1.61
243,Portland,75,US,1571781126,76,43.66,43.66,55.0,9.98
244,Bethel,40,US,1571781235,86,60.79,60.79,39.2,4.18
245,Shush,74,RU,1571781237,74,55.6,55.6,23.79,6.26
246,Mumbwa,85,ZM,1571781239,19,-14.99,-14.99,82.92,4.1
247,Shimoda,75,JP,1571781241,93,34.7,34.7,62.01,1.61
248,Umba,100,RU,1571781243,90,66.69,66.69,40.6,15.95
249,Luderitz,0,NA,1571781244,82,-26.65,-26.65,57.2,7.4
250,Kashan,100,IR,1571781246,51,33.99,33.99,60.89,7.19
251,Vrangel,0,RU,1571781248,63,42.73,42.73,54.18,3.75
252,Segezha,94,RU,1571781250,86,63.74,63.74,42.71,11.64
253,Henties Bay,0,NA,1571781251,88,-22.12,-22.12,60.01,0.72
254,Minot,1,US,1571780920,45,48.23,48.23,44.6,9.17
255,Palmer,0,AU,1571781255,68,-34.85,-34.85,71.01,6.68
256,Yinchuan,100,CN,1571781257,57,38.48,38.48,52.0,3.6
257,Gravdal,100,NO,1571781259,93,59.79,59.79,52.0,14.0
258,Saint-Pierre,95,FR,1571781260,100,48.95,48.95,52.0,4.99
259,Russell,40,US,1571781262,22,38.9,38.9,66.0,12.39
260,Airai,70,TL,1571781264,34,-8.93,-8.93,64.31,3.51
261,Semnan,100,IR,1571781266,43,35.58,35.58,57.31,1.96
262,Aykhal,1,RU,1571781268,84,65.95,65.95,1.4,1.61
263,Aguas Verdes,75,EC,1571781269,33,-3.48,-3.48,89.6,5.79
264,Yeppoon,0,AU,1571781271,60,-23.13,-23.13,71.6,6.6
265,Mbandaka,67,CD,1571781273,95,0.05,0.05,71.49,1.0
266,Middle Island,90,US,1571781275,93,40.88,40.88,60.01,7.4
267,Zawiercie,97,PL,1571781277,93,50.48,50.48,57.99,0.8
268,Diamantino,93,BR,1571781278,63,-14.4,-14.4,83.57,3.59
269,Torbay,90,CA,1571781037,100,47.66,47.66,43.0,8.21
270,College,90,US,1571781282,68,64.86,64.86,32.0,1.77
271,Kodiak,1,US,1571781153,35,39.95,39.95,59.0,13.2
272,Guerrero Negro,0,MX,1571781285,11,27.97,27.97,90.36,6.26
273,Kenora,90,CA,1571781287,93,49.76,49.76,37.4,6.6
274,Cherskiy,96,RU,1571781289,86,68.75,68.75,3.56,7.58
275,Yelatma,21,RU,1571781291,94,54.97,54.97,43.11,3.65
276,Minab,0,IR,1571781292,74,27.15,27.15,80.6,4.99
277,Severo-Yeniseyskiy,69,RU,1571781294,94,60.37,60.37,17.24,2.93
278,Port-Cartier,75,CA,1571781296,75,50.03,50.03,41.0,3.38
279,La Libertad,0,PE,1571781298,25,-16.38,-16.38,66.2,8.21
280,Ichinoseki,86,JP,1571781300,91,38.93,38.93,52.93,3.83
281,Pahrump,1,US,1571781302,11,36.21,36.21,80.01,2.91
282,Eureka,20,US,1571781071,68,40.8,40.8,69.01,12.39
283,San Policarpo,90,PH,1571781305,84,12.18,12.18,78.91,2.56
284,Batemans Bay,0,AU,1571781307,75,-35.71,-35.71,66.0,1.43
285,Primorsk,100,RU,1571781309,84,60.37,60.37,48.99,19.42
286,Ginda,0,IN,1571781311,48,30.69,30.69,52.21,4.15
287,Marsh Harbour,85,BS,1571781312,70,26.54,26.54,81.79,4.02
288,Shihezi,0,CN,1571781314,43,44.3,44.3,34.83,5.62
289,Bilibino,86,RU,1571781316,100,68.06,68.06,-6.9,0.82
290,Mankono,100,CI,1571781317,90,8.06,8.06,74.77,2.12
291,Uppsala,100,SE,1571781319,81,59.86,59.86,51.8,7.4
292,Samfya,53,ZM,1571781321,56,-11.37,-11.37,73.58,5.12
293,Port Hardy,75,CA,1571781323,71,50.7,50.7,53.6,4.18
294,Shieli,100,KZ,1571781325,39,44.18,44.18,42.64,2.72
295,Siniscola,88,IT,1571781327,78,40.57,40.57,71.6,7.4
296,Cairns,90,AU,1571781328,73,-16.92,-16.92,73.99,5.79
297,Mount Isa,0,AU,1571781330,32,-20.73,-20.73,80.6,12.39
298,Batticaloa,100,LK,1571781332,93,7.71,7.71,74.98,0.34
299,Norman Wells,90,CA,1571781335,92,65.28,65.28,24.8,1.61
300,Samarina,100,RU,1571781336,66,57.89,57.89,55.4,6.44
301,Boyuibe,0,BO,1571781338,39,-20.43,-20.43,82.4,6.47
302,Avera,1,US,1571781340,38,33.19,33.19,80.6,6.6
303,Lavrentiya,100,RU,1571781342,78,65.58,65.58,32.23,11.01
304,Kursenai,75,LT,1571781344,81,55.98,55.98,51.8,9.17
305,Touros,20,BR,1571781345,74,-5.2,-5.2,78.8,6.6
306,Ostrovnoy,100,RU,1571781347,96,68.05,68.05,30.96,5.94
307,Sangar,65,RU,1571781349,96,63.92,63.92,11.52,4.41
308,Iquique,20,CL,1571781351,59,-20.22,-20.22,64.4,8.21
309,Rio do Sul,44,BR,1571781352,1,-27.22,-27.22,72.0,3.03
310,Fortuna,20,US,1571781354,68,40.6,40.6,75.0,12.39
311,Loukhi,98,RU,1571781356,92,66.08,66.08,39.06,7.82
312,Sable-sur-Sarthe,75,FR,1571781358,87,47.84,47.84,54.0,6.6
313,Gat,38,SN,1571781360,78,14.69,14.69,80.6,8.21
314,Elat,90,CM,1571781362,99,2.91,2.91,68.5,2.2
315,Cody,1,US,1571781092,52,44.53,44.53,60.01,3.38
316,Ballina,75,IE,1571781365,93,54.11,54.11,54.0,9.98
317,Nyurba,98,RU,1571781367,89,63.29,63.29,18.68,2.99
318,Staryy Nadym,100,RU,1571781369,98,65.61,65.61,31.28,6.13
319,Jalu,0,LY,1571781371,46,29.03,29.03,71.4,7.44
320,Mercedes,100,UY,1571781372,71,-33.25,-33.25,61.0,1.43
321,Berlevag,75,NO,1571781374,77,70.86,70.86,35.6,18.99
322,Kamien Pomorski,20,PL,1571781376,93,53.97,53.97,53.01,3.38
323,Cap Malheureux,75,MU,1571781378,88,-19.98,-19.98,72.0,2.41
324,Shirokiy,84,RU,1571781380,95,53.87,53.87,48.0,2.16
325,Ampanihy,17,MG,1571781382,76,-24.69,-24.69,70.52,9.4
326,Lillooet,1,CA,1571781383,42,50.69,50.69,62.6,14.0
327,Port-Gentil,20,GA,1571781385,83,-0.72,-0.72,80.6,4.99
328,Hornepayne,100,CA,1571781387,85,49.22,49.22,45.36,6.63
329,Nanga Eboko,95,CM,1571781391,99,4.68,4.68,69.31,3.54
330,Coruripe,76,BR,1571781392,81,-10.12,-10.12,77.02,13.29
331,Springbok,33,ZA,1571781394,69,-29.67,-29.67,46.87,7.81
332,Goderich,89,CA,1571781396,68,43.74,43.74,55.0,12.23
333,Sao Joao da Barra,75,BR,1571781398,83,-21.64,-21.64,73.4,6.6
334,Bumba,18,CD,1571781400,85,2.18,2.18,70.74,0.27
335,Vytegra,100,RU,1571781401,88,61.01,61.01,49.35,9.37
336,Qiongshan,57,CN,1571781403,94,20.01,20.01,69.8,1.61
337,Cagliari,100,IT,1571781405,100,46.38,46.38,57.0,1.61
338,Meulaboh,100,ID,1571781407,79,4.14,4.14,80.4,3.94
339,Coquimbo,40,CL,1571781368,77,-29.95,-29.95,72.0,8.21
340,Vardo,90,US,1571781410,93,39.62,39.62,59.0,3.38
341,Manavgat,0,TR,1571781412,73,36.79,36.79,69.8,1.61
342,Snasa,98,NO,1571781414,90,64.25,64.25,33.31,23.13
343,Dire Dawa,0,ET,1571781416,43,9.59,9.59,56.03,1.16
344,Santa Lucia,100,IT,1571781417,77,41.98,41.98,69.8,1.61
345,Surgut,90,RU,1571781419,100,61.25,61.25,35.6,9.66
346,Palu,100,ID,1571781421,82,-0.9,-0.9,62.58,1.98
347,Maturin,26,VE,1571781423,72,9.75,9.75,83.5,5.94
348,Nata,48,BW,1571781424,29,-20.21,-20.21,86.09,12.78
349,Vanimo,100,PG,1571781426,76,-2.67,-2.67,80.98,8.66
350,Sistranda,40,NO,1571781428,70,63.73,63.73,44.6,16.58
351,Itapaci,100,BR,1571781430,78,-14.95,-14.95,77.49,2.48
352,Havre-Saint-Pierre,1,CA,1571781168,72,50.23,50.23,39.2,5.79
353,Hanzhong,100,CN,1571781433,94,33.08,33.08,55.49,1.96
354,Rafsanjan,0,IR,1571781435,31,30.4,30.4,57.79,1.77
355,Madang,100,CN,1571781437,61,35.32,35.32,42.93,1.92
356,Ingham,6,AU,1571781438,84,-18.65,-18.65,68.34,0.8
357,Lata,0,IN,1571781440,40,30.78,30.78,25.52,2.29
358,San Carlos de Bariloche,0,AR,1571781422,35,-41.13,-41.13,57.99,1.43
359,Yulara,0,AU,1571781443,16,-25.24,-25.24,64.4,4.18
360,Esna,0,RO,1571781445,62,45.2,45.2,58.08,3.65
361,Riyadh,0,SA,1571781272,35,24.63,24.63,73.4,2.41
362,Beisfjord,100,NO,1571781449,93,68.38,68.38,37.4,14.97
363,Alofi,75,NU,1571781450,74,-19.06,-19.06,80.6,8.21
364,Zhigansk,94,RU,1571781452,94,66.77,66.77,9.14,4.07
365,Garowe,100,SO,1571781454,75,8.41,8.41,76.6,6.86
366,Indramayu,62,ID,1571781456,68,-4.05,-4.05,69.93,1.8
367,Dingle,0,PH,1571781458,90,11.0,11.0,73.99,3.25
368,Rongcheng,100,CN,1571781460,85,37.16,37.16,61.16,4.14
369,Banda Aceh,100,ID,1571781461,92,5.56,5.56,73.8,2.32
370,Mirzapur,61,IN,1571781464,52,25.15,25.15,70.84,2.17
371,Bud,99,NO,1571781466,75,62.91,62.91,46.4,4.18
372,Lima,20,PE,1571780870,72,-12.06,-12.06,66.2,9.98
373,Naze,100,NG,1571781469,98,5.43,5.43,74.08,1.43
374,Bure,74,NG,1571781471,64,10.52,10.52,78.91,4.2
375,Mackay,90,CA,1571781473,93,53.65,53.65,44.6,8.21
376,Northam,20,AU,1571781475,93,-31.65,-31.65,51.8,2.41
377,Mutoko,0,ZW,1571781476,61,-17.4,-17.4,73.35,5.07
378,Mitsamiouli,79,KM,1571781478,80,-11.38,-11.38,80.01,7.02
379,Pirovskoye,100,RU,1571781480,67,57.63,57.63,24.21,5.2
380,Hopkinsville,1,US,1571781145,27,36.87,36.87,64.4,13.2
381,Yar-Sale,94,RU,1571781483,95,66.83,66.83,20.88,7.89
382,Victoria,75,BN,1571781312,88,5.28,5.28,78.01,2.99
383,Liling,20,CN,1571781487,93,27.65,27.65,62.6,4.83
384,Ponta Delgada,75,PT,1571781489,64,37.73,37.73,69.01,3.38
385,Susanville,1,US,1571781490,24,40.42,40.42,71.6,3.38
386,Lensk,91,RU,1571781492,93,60.71,60.71,18.25,2.57
387,Sambava,39,MG,1571781494,96,-14.27,-14.27,71.71,1.38
388,Geraldton,90,CA,1571781457,93,49.72,49.72,44.6,4.18
389,Tigzirt,100,DZ,1571781497,89,36.57,36.57,59.58,3.86
390,Verkhnyaya Sinyachikha,100,RU,1571781499,82,57.98,57.98,29.77,6.28
391,Comodoro Rivadavia,20,AR,1571781501,29,-45.87,-45.87,62.6,7.4
392,La Ronge,20,CA,1571781503,60,55.1,55.1,42.8,6.6
393,Lagoa,20,PT,1571781505,76,37.14,37.14,59.0,5.79
394,Makaleng,29,BW,1571781507,66,-20.8,-20.8,70.79,11.72
395,Orlik,75,PL,1571781508,81,53.95,53.95,51.8,5.79
396,Dwarka,0,IN,1571781510,60,28.58,28.58,82.99,2.0
397,Kieta,72,PG,1571781512,72,-6.22,-6.22,83.12,7.92
398,Camocim,36,BR,1571781514,74,-2.9,-2.9,78.13,4.59
399,Payson,75,US,1571781498,26,40.04,40.04,62.01,6.6
400,Carsamba,75,TR,1571781517,77,41.2,41.2,64.4,8.21
401,Faya,0,SA,1571781519,87,18.39,18.39,62.6,2.16
402,Sinnamary,33,GF,1571781521,78,5.38,5.38,81.95,9.33
403,Sitka,0,US,1571781523,20,37.17,37.17,68.0,7.19
404,Tarabha,100,IN,1571781524,91,20.73,20.73,73.74,1.5
405,Vila,71,IT,1571781526,100,45.18,45.18,63.0,1.61
406,Taoudenni,57,ML,1571781528,16,22.68,22.68,90.68,9.48
407,Gua Musang,100,MY,1571781530,98,4.88,4.88,71.92,1.0
408,Ekibastuz,100,KZ,1571781532,62,51.72,51.72,28.24,10.51
409,Mpanda,100,BI,1571781534,92,-3.17,-3.17,59.14,1.4
410,Hobyo,57,SO,1571781536,78,5.35,5.35,79.75,5.34
411,Cehegin,93,ES,1571781538,91,38.09,38.09,55.99,4.31
412,Euclides da Cunha,85,BR,1571781540,57,-10.51,-10.51,80.58,3.52
413,Tessalit,40,ML,1571781541,18,20.2,20.2,90.09,5.78
414,Ahipara,100,NZ,1571781543,61,-35.17,-35.17,55.81,26.51
415,Barra Patuca,67,HN,1571781545,75,15.8,15.8,83.98,12.84
416,Goba,76,ET,1571781547,92,7.01,7.01,48.79,2.04
417,Kavieng,100,PG,1571781548,71,-2.57,-2.57,84.11,6.36
418,Cangzhou,99,CN,1571781550,68,38.3,38.3,59.43,3.98
419,Yuzhno-Kurilsk,67,RU,1571781552,85,44.03,44.03,55.38,6.71
420,Hervey Bay,79,AU,1571781554,72,-25.3,-25.3,66.2,5.79
421,Strezhevoy,90,RU,1571781555,92,60.73,60.73,33.8,6.44
422,Batagay-Alyta,100,RU,1571781557,86,67.8,67.8,14.79,2.93
423,Ketchikan,90,US,1571781559,93,55.34,55.34,48.2,6.6
424,Havelock,75,US,1571781561,88,34.88,34.88,84.2,4.99
425,Togur,100,RU,1571781563,65,58.36,58.36,29.71,8.77
426,Enumclaw,90,US,1571781316,93,47.2,47.2,57.99,2.41
427,Coihueco,0,CL,1571781566,28,-36.63,-36.63,73.4,9.17
428,Sioux Lookout,90,CA,1571781440,93,50.1,50.1,39.2,7.4
429,Paita,0,PE,1571781570,100,-5.09,-5.09,62.6,8.21
430,Teya,90,MX,1571781572,88,21.05,21.05,84.99,4.18
431,Marawi,70,PH,1571781573,91,8.0,8.0,75.0,3.6
432,Oliver,40,CA,1571781575,42,49.18,49.18,62.6,8.21
433,Ardakan,100,IR,1571781577,33,32.31,32.31,62.6,3.38
434,Fort Nelson,75,CA,1571781578,81,58.81,58.81,32.0,1.61
435,Maraa,98,BR,1571781580,69,-1.83,-1.83,85.57,0.87
436,Dawei,8,MM,1571781582,79,14.07,14.07,80.65,4.18
437,Machilipatnam,100,IN,1571781584,94,16.18,16.18,74.46,7.05
438,Nigde,0,TR,1571781586,72,37.97,37.97,50.13,2.93
439,Leh,93,IN,1571781588,42,34.16,34.16,27.21,3.75
440,Maracacume,86,BR,1571781590,74,-2.04,-2.04,80.65,4.78
441,Voskresenskoye,100,RU,1571781591,85,56.84,56.84,41.79,5.99
442,Luancheng,54,CN,1571781593,93,37.88,37.88,50.0,1.61
443,Kodinsk,100,RU,1571781595,85,58.6,58.6,21.58,3.28
444,Panaba,100,MX,1571781597,88,21.28,21.28,79.7,5.89
445,Nelson Bay,20,AU,1571781598,77,-32.72,-32.72,68.0,6.6
446,Alugan,90,PH,1571781600,84,12.22,12.22,78.91,2.56
447,Swift Current,90,CA,1571781602,86,50.29,50.29,37.4,12.39
448,Veraval,90,FR,1571781604,93,49.65,49.65,50.0,4.18
449,Weligama,100,LK,1571781606,92,5.97,5.97,74.97,3.6
450,Zalantun,99,CN,1571781608,33,48.0,48.0,32.95,1.58
451,Sola,23,TZ,1571781609,73,-3.17,-3.17,72.07,5.23
452,Pamanukan,100,ID,1571781611,72,-6.28,-6.28,72.36,2.04
453,Peniche,0,PT,1571781613,87,39.36,39.36,61.0,0.8
454,Buala,100,SB,1571781615,90,-8.15,-8.15,76.98,10.19
455,Najran,0,SA,1571781617,30,17.54,17.54,68.0,1.45
456,Borba,100,BR,1571781618,76,-4.39,-4.39,80.04,3.48
457,Rosita,80,NI,1571781620,70,13.92,13.92,83.59,2.2
458,Ribeira Grande,75,PT,1571781622,88,38.52,38.52,65.32,7.48
459,Paamiut,85,GL,1571781624,64,61.99,61.99,36.81,3.52
460,Petatlan,40,MX,1571781625,62,17.52,17.52,89.6,8.21
461,Nuuk,75,GL,1571781627,59,64.17,64.17,33.8,14.0
462,Tari,6,NG,1571781629,41,12.41,12.41,86.54,3.77
463,Kaz,100,RU,1571781631,84,53.11,53.11,18.88,1.66
464,Lebyazhye,75,RU,1571781633,71,59.96,59.96,51.8,8.05
465,Buchanan,40,LR,1571781635,94,5.88,5.88,78.8,3.14
466,Malindi,0,KE,1571781636,91,-3.22,-3.22,76.23,4.1
467,Nang Rong,96,TH,1571781638,75,14.64,14.64,80.01,2.29
468,Graaff-Reinet,100,ZA,1571781640,51,-32.25,-32.25,58.37,4.92
469,Diffa,6,NE,1571781642,13,13.32,13.32,89.69,4.76
470,Orocue,100,CO,1571781644,68,4.79,4.79,84.65,4.6
471,Bria,92,CF,1571781645,96,6.54,6.54,68.29,1.61
472,Bonavista,100,CA,1571781647,84,48.65,48.65,42.01,4.31
473,Nouadhibou,42,MR,1571781649,68,20.93,20.93,68.0,14.0
474,Awbari,0,LY,1571781651,30,26.59,26.59,77.63,8.63
475,Witu,0,KE,1571781653,88,-2.39,-2.39,79.29,6.49
476,Guaymas,5,MX,1571781655,26,27.92,27.92,95.0,8.21
477,Pustoshka,78,RU,1571781656,86,56.34,56.34,51.85,6.81
478,Agirish,39,RU,1571781658,74,61.92,61.92,25.36,7.98
479,Matagami,58,NG,1571781660,80,9.67,9.67,71.55,1.19
480,Alta Floresta,100,BR,1571781662,74,-9.87,-9.87,82.4,1.61
481,Dodge City,1,US,1571781664,17,37.75,37.75,68.0,12.39
482,Le Vauclin,20,MQ,1571781665,78,14.55,14.55,82.4,4.99
483,Murray Bridge,0,AU,1571781667,48,-35.12,-35.12,72.0,5.58
484,Noumea,78,NC,1571781580,54,-22.28,-22.28,78.8,11.59
485,Slave Lake,90,CA,1571781671,93,55.28,55.28,35.6,4.18
486,Santiago del Estero,100,AR,1571781673,23,-27.8,-27.8,82.87,5.33
487,Fallon,95,US,1571781675,61,46.84,46.84,46.99,6.92
488,Muzhi,60,RU,1571781678,79,65.4,65.4,21.38,12.1
489,Mahibadhoo,100,MV,1571781680,73,3.78,3.78,82.4,7.6
490,Ngora,97,UG,1571781682,88,1.46,1.46,68.4,1.67
491,Khani,75,GE,1571781685,93,41.96,41.96,59.0,1.61
492,Lae,75,PG,1571781686,88,-6.72,-6.72,75.2,4.18
493,Basco,1,US,1571781688,43,40.33,40.33,55.99,14.97
494,Kerema,100,PG,1571781690,94,-7.96,-7.96,75.34,1.48
495,Nadym,100,RU,1571781692,98,65.53,65.53,31.28,6.13
496,Lerwick,100,GB,1571781693,87,60.15,60.15,53.6,10.78
497,Ishigaki,75,JP,1571781696,100,24.34,24.34,68.0,2.41
498,Pauini,96,BR,1571781697,70,-7.71,-7.71,81.48,3.27
499,Bilma,0,NE,1571781700,19,18.69,18.69,83.44,7.92
500,Svetlogorsk,90,RU,1571781702,93,53.14,53.14,39.2,8.05
501,Tafresh,100,IR,1571781704,67,34.69,34.69,49.32,5.17
502,Beidao,100,CN,1571781706,84,34.57,34.57,46.74,2.29
503,Omsukchan,1,RU,1571781707,100,62.53,62.53,-4.67,0.82
504,Richards Bay,100,ZA,1571781709,82,-28.77,-28.77,66.65,18.36
505,Birin,86,NP,1571781711,94,26.89,26.89,52.75,2.24
506,Spencer,90,US,1571781713,87,42.24,42.24,57.0,3.38
507,Saint-Michel-des-Saints,100,CA,1571781683,6,46.68,46.68,55.0,0.72
508,Pangobilian,4,PH,1571781718,89,8.8,8.8,75.52,0.63
509,Juegang,100,CN,1571781720,84,32.31,32.31,64.0,3.2
510,Edd,48,ER,1571781722,32,13.93,13.93,87.91,8.18
511,Lac-Megantic,20,CA,1571781724,50,45.58,45.58,55.4,6.6
512,Baykit,60,RU,1571781726,93,61.68,61.68,18.03,1.66
513,Labuhan,100,ID,1571781728,83,-2.54,-2.54,69.71,0.84
514,Camacha,40,PT,1571781730,59,33.08,33.08,66.2,7.4
515,Pacific Grove,1,US,1571781732,38,36.62,36.62,91.0,2.41
516,Maniitsoq,46,GL,1571781733,44,65.42,65.42,33.82,5.54
517,Namibe,90,AO,1571781735,78,-15.19,-15.19,70.03,0.9
518,Murupara,98,NZ,1571781737,66,-38.46,-38.46,57.0,4.31
519,Nabire,73,ID,1571781739,92,-3.36,-3.36,72.86,1.06
520,Aktau,0,KZ,1571781740,56,43.65,43.65,42.8,6.44
521,Kailua,75,US,1571781742,66,21.39,21.39,87.8,8.21
522,Gigmoto,6,PH,1571781744,78,13.78,13.78,82.2,7.81
523,Poum,0,MK,1571781746,50,41.28,41.28,53.67,2.83
524,Jiuquan,96,CN,1571781748,45,39.73,39.73,38.53,2.32
525,Mantua,69,IT,1571781749,100,45.16,45.16,66.2,3.38
526,Rudnogorsk,100,RU,1571781751,93,57.27,57.27,20.48,4.23
527,Alice Springs,0,AU,1571781753,12,-23.7,-23.7,64.4,2.41
528,Keti Bandar,97,PK,1571781755,57,24.14,24.14,82.9,5.68
529,Skjervoy,100,NO,1571781757,95,70.03,70.03,35.08,4.59
530,Dalbandin,0,PK,1571781758,25,28.9,28.9,63.18,1.21
531,Torrington,90,US,1571781760,31,42.06,42.06,57.99,15.77
532,Sargur,100,IN,1571781762,97,11.98,11.98,67.53,3.88
533,Hargeysa,0,SO,1571781764,65,9.56,9.56,62.85,6.89
534,Karonga,0,MW,1571781765,65,-9.94,-9.94,79.14,2.82
535,Ceres,100,BR,1571781767,74,-15.31,-15.31,77.7,2.17
536,Brokopondo,40,SR,1571781769,66,5.06,5.06,87.8,7.4
537,Faanui,1,PF,1571781771,72,-16.48,-16.48,80.17,4.63
